<?xml version="1.0" encoding="UTF-8"?>
<xs:schema xmlns:xs="http://www.w3.org/2001/XMLSchema">
    <xsi:schemalocation="ficheiro.xsd">
    
<candidatos>
    <profile>
        <name>Marta Santos</name>
        <age>23</age>
        <price>25</price>
        <stars>4</stars>
        <location>Gondomar</location>
        <description>O meu nome é Marta, adoro jardinagem desde bastante nova, sempre cuidei das plantas em casa e tenho uma pequena horta.</description> 
    </profile>
    <profile>
        <name>Carlos Almeida</name>
        <age>29</age>
        <price>12</price>
        <stars>3</stars>
        <location>Chiado</location>
        <description>O meu nome é Carlos sou filho de jardineiro. Máquinas e ferramentas próprias, grande experiência.</description>
    </profile>
    <profile>
        <name>João Verde Escama</name>
        <age>32</age>
        <price>15</price>
        <stars>3</stars>
        <location>Santo Tirso</location>
        <description>O meu nome é João tenho experiencia ao longo da vida, acompanhando familiares e sozinho, na construção e manutenção de hortas, implantação e poda de arvores e arbustos. Limpeza de terrenos com roçadora, limpeza de folhas e compostagem.</description>
    </profile>
    <profile>
        <name>José Rosa Vinho</name>
        <age>32</age>
        <price>20</price>
        <stars>5</stars>
        <location>Caldas da Rainha</location>
        <description>O meu nome é José e tenho experiência nesta área além de saber fazer bom uso de ferramentas. Sou pratico nestas tarefas e limpo.</description> 
        </profile>
    
</candidatos>